{"cameraMode":{"drawMode":0,"name":"Shaded","section":"Shading Mode"},"sceneLighting":true,"audioPlay":false,"sceneViewState":{"m_AlwaysRefresh":false,"showFog":true,"showSkybox":true,"showFlares":true,"showImageEffects":true,"showParticleSystems":true,"showVisualEffectGraphs":true,"m_FxEnabled":true},"in2DMode":false,"pivot":{"x":0.030193328857421876,"y":3.1129870414733888,"z":12.479621887207032},"rotation":{"x":0.05293731763958931,"y":-0.4032835364341736,"z":-0.0233500637114048,"w":-0.9132643938064575},"size":5.421946048736572,"orthographic":false}